drug_name,batch_number,manufacturer,reason_for_recall
Pantoprazole Tablets IP,PEP5001,"Finecure Pharmaceuticals Ltd. PF-5 & 6, Sanand Industrial Estate-II, GIDC, Sanand, District: Ahmedbad",Dissolution test
METHOTREXATE TABLETS IP 7.5 MG,L09-2501,"Macmillon Pharmaceuticals Pvt Ltd., 62-663, Vijay Nagar, Batala. Road, Amritsar-143001.",Description
Calcium and Vitamin D3 Tablets IP,CH26T203,"Cureza Healthcare Pvt Ltd., Survey No. 63/1, 67/1, Village-Solsinda, Tehsil-Sanwer, District-Indore, (M.P.) 453551",Dissolution :-(Calcium) Does not complies with IP limit as 3 out of 6 tablets are less than Q-25% Also some tablets can't even dissolve completely within the prescribed time limit.
Oral Rehydration Salts IP,4063,"Super Formulations Pvt Ltd., 16-B & 15-F, Industrial Area, maxi Road, Ujjain (M.P.)-456010",Net Weight
Oral Rehydration Salts IP,4057,"Super Formulations Pvt Ltd., 16-B & 15-F, Industrial Area, maxi Road, Ujjain (M.P.)-456010",Net Weight
Pregabalin Capsules IP 300mg,DMC-260508A,"DIVINE MEDICARE, V.P.O Lodhwan Tehsil Nurpur Distt. Kangra (H.P.)-176201",The Contents of Pregabali found to be 211.16mg/Capsule against the claim of 300.0mg/Capsule.
Itraconazole 100mg IP,MC004,"MK Healthcare, Khasra No 1112, Gahlian Khas Kangra, Himchal Pradesh 176029.",1. The content of Itraconazole found to be 63.54 mg per capsule (63.54%) against labelled claim of 100 mg per capsule. 2. The composition on the label is not as per I.P monograph
PHENYLEPHRINE HYDROCHLORIDE AND CHLORPHENIRAMINE MALEATE SYRUP IP,XL260053,"Xcell Labs, Plot No. 146 Export Promotion Ind. Park-1, Jharmajri, Baddi, Distt. Solan (H.P)",pH
"Pregabalin IP 75mg, Nortripyline 10mg and Methylcobalamin IP 1500mcg,",ADT252729A,"Astonea Labs Pvt. Ltd.., VIL Haripur, The. Raipur Rani, Distt, Panchkula, Haryana-134204, INDIA",The content of Methylcobalamin found to be 668.61 mcg per tablet (44.574%) against labelled claim of 1500 mcg per tablet.
Dinoprost Tromethamine Injection,VPT409,"Vetsun Pharmaceuticals, 251, 252 Sisona Bhagwanpur Roorkee, Distt-Haridwar-247661 U.K",pH
Alprazolam Tablets IP 0.5mg,TA25315,"SAINTLIFE PHARMACEUTICALS LTD., 323, Central Hope Town, Industrial Area, Selaqui, Dehradun-248011, Uttarakhand, INDIA",The sample does not conform to the IP with respect to Dissolution.
Paracetamol Tablets IP 650mg,FT5427,"Forgo Pharmaceuticals, 27, DIC Ind Area, Barotiwala, Teh: Baddi, Distt. Solan (HP) 174103",The sample does not conforms to the I.P. with respect to Dissolution Test.
Dinoprostone Gel,H-084,"COTEC HEALTHCARE Pvt. LTD., NH No. 74, Roorkee- Dehradun Highway Kishanpur, Roorkee-247667 (UK) India","The sample does not conforms to the claim with respect to Average fill, Uniformity of weight and Assay."
Disposable Syringe for Single Use Only (STERILIFE) 2ml,052502GX01,"STERISAFE HEALTH SOLUTIONS, 120-121, Industrial Area, Near Bhawani Dharam Kanta, Bapi- 303507.",The sample does not comply as per IP 2022 with respect to the test for Sterility.
Nifedipine Sustained Release Tablets IP 10mg,ANY25001,"J.B. Chemicals & Pharmaceuticals Ltd., 128/1, GIDC, Ankleshwar 393002",The sample does not conforms to the claim with respect to Dissolution (Acid Stage).
Cefixime & Ofloxacin Dispersible Tablets,T4646,"Titanes Pharma, Vill. Bathu, Tehsil- Haroli, Distt. Una (HP) 174507.","The sample does not conform to the claim with respect to Assay, Uniformity of dispersion and Disintegration."
Cefixime with Lactic Acid Bacillus Dispersible Tablets,CT/25/792,"Ciphem Pharma, Plot No. 30, Subhlakshmi Ind. Estate, Opp. Sanket Ind. Estate, At. Moraiya, Ta. Sanand, Ahmedabad-382213.",The sample does not conform to the claim with respect to Assay of Cefixime Trihydrate Eq. to Anhydrous Cefixime.
Metronidazole Tablets IP 400 mg,T4500,"Titanes Pharma, Vill. Bathu, Tehsil- Haroli, Distt. Una (HP) 174507.",The sample does not conforms to the IP with respect to Dissolution.
Levocetirizine Dihydrochloride Tablets I.P.,B13225006,"TORQUE PHARMACEUTICALS Pvt. LTD., 13B-14, EPIP-I, Jharmajri, H.P.-173205.",The sample does not conform to the I.P. with respect to Dissolution of Levocetirizine Dihydrochloride.
Betamethasone Sodium Phosphate Injection I.P.,HL11006M,"Himalaya Meditek Pvt. Ltd., Plot No. 35 & 36, Pharmacity, Selaqui, Industrial Area, Dehradun-248197.","The sample does not conforms to the IP with respect to Description, Particulate Matter and Assay."
"ketoconazole, Chloridexidine Glueconate & Cetrinide Shampoo",L047D25,"Disinfecto Chemical Industrial Pvt. Ltd. D-7 ,Chinlat industrial area, Lucknow -226019 India",Assay for chlorhexidine Gluconate only
Dynaflex Plus,VGT240120,"Vapi Care Pharma Pvt. Ltd. Plot No. 225/3, Near Morarji Circle GIDC, Vapi, Valsad- 396195, Gujrat",NSQ
KT Kids Cleansing Shampoo Soothes the scalp 200 ML,KTK0012,"CCIGMAA LIFESTYLE Pvt LTD. 12 ACO-OP 2 nd Floor,Plot No 1 Compound No.I Marol Co-Operative Indl Estate,Morshi R Andheri(E) Mumbai 400059",The Sample Does Not Comply With Is 17117:2019 (Reaffirmed 2024) For Hair Shampoo For Babies Specification Req(Jirements For Micribial Count. The Sample Is Misbranded for the Manner of Labelling As Given Rule 34(10) (e) and rule 35 of cosmetics rule 2020.
Diabetis-All Powder,A-1,"Dr. Puri Proprietory Product, At Post:-Jaigaon, Tal Sinnar, Dist -Nashik, Sinnar.",The Sample gives TLC and HPLC [dentification Test for the Presence of Pioglitazone Hydrochloride. lFound Content of Pioglitazone Hydrochloride: 0.32mg/gm. The Sample is declared as Spurious Vide Section 33-EEA(d) of Drugs And Cosmetics Act 1940 and Rules thereunder.
Hajmola Regular,BM1250,"Dabur India Ltd., Village Manakpur, Tehsil-Baddi, Distt.-Solan, Himachal Pradesh-174101","Total 120 Tablets received for analysis,out of 120 Tablets, 13 Tablets are found in broken condition and some powder is found in container when observed in normal day light with unaided eyes."
Ramipril Tablets IP 5mg,R25183701K,"Reltsen Healthcare, Spl. Plot No 9-11, PIPDIC Electronic Park, Thirubuvanai, Puducherry - 605107",Ramipril (64.20%)
Roller Bandage Non Sterilized,RC13,"Mohan Pharma B-5/2, Industrial Estate, Suryapet - 508 214 Telangana.","The Sample Does not conform to schedule F-II with respect to Description, Threads per dm (Warp) Length & Width."
Drotaverine Hydrochloride & Diclofenac Potassium Tablets,KFCR6023,"Cris Pharma (India) Ltd. E-11, UPSIDC, Industrial Area, Selaqui, Dehradun-248011 (U.K.)",Identification - Doesn't conforms to I.P.
Dexamethasone Tablets IP 0.5 mg,KJKBH25134,"Cadila Pharmaceuticals Ltd. Industrial Growth Center, Sidco, Samba 184121, State J & K",Dissolution
Sodium Chloride Injection IP 0.9%w/v,G2604H025,"MKA Remedies Pvt. Ltd,Village- Narsohi, Pargana Khairabad, Police Station- Shahmaholi, Sitapur-261131 UP",The sample does not conforms to I.P. 2022 with respect to the test for Particulate contamination.
Metronidazole Infusion B.P. 0.5% w/v,L04A032607,"Althea Pharma Pvt. Ltd.,Plot No. 374, Shed E, Alpha Industrial Park, Athiawad, Dabhel, Nani Daman, Daman (U.T) 396210, INDIA",The sample does not comply as per B.P. 2025 with respect to the test for Sterility.
Paracetamol Tablets IP 500mg,CHT-50351,"Cotec Healthcare Pvt. Ltd.,NH. No. 74, Roorkee-Dehradun Highway, Kishanpur, Roorkee - 247667 (Uttarakhand)",The sample does not comply as per I.P. 2022 with respect to the test for Dissolution of Paracetamol.
Oxytocin Injection IP 5IU/ml,I-7881,"Jackson Laboratories Pvt.Ltd,22-24, Majitha Road, Bye Pass, Amritsar-143 001(India)",The sample does not conform to claim as per IP 2022 in respect to the Test of Identification by HPLC and Particulate Matter
Bupropion Hydrochloride Prolonged Release Tablets IP,LGT-260293,"Live Well Healthcare,Plot No.: 80-A-I, EPIP, Phase-1, Jharmajri, Baddi , Distt. Solan- 173205 (H.P.)","The sample does not conform to claim as per IP 2022 in respect to the Test of Identification by HPLC, Identification by IR and Assay of Bupropion Hydrochloride."
"Racecadotril Capsules IP 100mg,",C042604,"Swefn Pharmaceuticals Pvt. Ltd.,7, Sopan Kesar Industrial Hub, Vil. Moraiya, Tal. Sanand, Dist. Ahmedabad- 382213.",The sample does not conform to claim as per IP 2022 in respect to Assay of Racecadotril.
Telmisartan Tablets IP 20 mg,HT250167,"MEDICAMEN Biotech Ltd.,86-87, Sec-6A, IIE, SIDCUL, Haridwar-249403 (Uttarakhand)",The sample received does not conform to the I.P. 2022 standard with respect to the test for Dissolution.
Sodium Bicarbonate Tablets I.P. 1000 mg,T-2509202,"Rivpra Formulation Pvt. Ltd,(WHO-GMP Certified Company) Plot No. 8, Sector-6A, I.I.E., SIDCUL, Haridwar-249 403 (Uttarakhand), INDIA",The sample does not conform to I.P (Addendum 2024) with respect to the Test of Disintegration
Cypermethion 10% High Cis,9023,"Mac Royal Biotech Baddi Road, Nalagarh Distt. Solan (H.P)",Assay for Cypermethrin highcis
METHOTREXATE TABLETS IP 7.5 MG,L09-2402,"Macmillon Pharmaceuticals Pvt Ltd., 62-663, Vijay Nagar, Batala. Road, Amritsar-143001.",Description
Paracet amol Tablets IP 500 mg,CTF2 5007,"Curetech Formulations Pvt. Ltd., DVill: Juddi Kalan, Baddi-173205, Distt Solan",Dissolution Test
Rabepra zole Gastro Resistant Tablets IP 20 mg,T-2611 36,"Merril Pharma Pvt. Ltd., Plot No. 212, Raipur, Bhagwanpur, Roorkee-247667 (UK)",Dissolution Test
Paracet amol Tablets IP 650 mg,YT-250671E,"Yuventis Life Sciences, Promoted by Medvexl, Plot No.7 & Ext. Phase Ill, HPSIDC, Baddi, Dist Solan",Dissolution Test
Pantopr azole Gastro Resistant Tablets IP20 mg,CIT-8736,"Conscaff India, Nahan Road, Kala-Amb, Dist!. Sirmour (HP) 173030",Dissolution Test
Ciprofloxacin Hydrochloride Tablets IP 250mg,T50540,"Zenith Drugs Ltd., 72/5 & 72/3,72/4,74/1/1,75/1/1 Muradpura (Orangpura),Dhar Road,Near Kalaria,Indore 453001( MP), INDIA",The sample does not conform to I.P. w.r.to the tests for Dissolution
Paracetamol Tablets IP 650mg,T60095,"Zenith Drugs Ltd. 72/5 & 72/3,72/4,74/1/1,75/1/1 Muradpura (Orangpura),Dhar Road,Near Kalaria,Indore 453001( MP), INDIA",The sample does not conform to I.P. w.r.to the tests for Dissolution
Ferrous Ascorbate & Folic Acid Tablets IP,LTA-45315A,"Life Vision Healthcare , Plot No.140-141,E.P.I.P.,Phase-1, Jharmajri,Baddi,Dist-Solan, HP-174103",The sample does not conform to I.P. w.r.to the tests for Assay
Paracetamol Tablets IP 650mg.,AGT40557,"Alventa Pharma Ltd., Vill-Kishanpura,Baddi-Nalagarh Road,Tehsil Baddi, Dist-Solan ,(HP)-174101",The sample does not conform to I.P. w.r.to the tests for Dissolution
Cefixime Dispersible Tablets IP,DB240368,"Daxin Pharmaceuticals Pvt. Ltd. Plot No. 121-122 EPIP, Jharmajri Phase-I, The. Baddi, Solan (HP)174103",The sample does not conform to I.P. w.r.to the tests for Assay
Amoxycillin & Potassium Clavulanate Tablets IP,KT25030,"Orbit Lifescience Pvt. Ltd., AT, BaldaIndl. Park, Plot No.- 10/C & 11/C, Survey No.-256/P-1, Vill. BaddiTaluka-Pardi, Distt. Valsad-396125.",The sample does not conform to I.P. w.r.to the tests for Dissolution and Assay of Clavulanic Acid
Amoxycillin & Potassium Clavulanate Tablets IP,VT251527,"VADSP Pharmaceuticals, Plot No-124, E.P.I.P.Ind. Area, Phase-1, Jharmajri, Baddi (HP)174103",The sample does not conform to I.P. w.r.to the tests for Dissolution and Assay of Clavulanic Acid
Bisacodyl Tablets IP 5mg,8676,"Healthy Life Pharma Pvt. Ltd., Factory: N-31/1, M.I.D.C., Tarapur, Boiser, Dist. Palghar-401506, INDIA",The sample does not conform to I.P. w.r.to the tests for Assay
Buprenorphine 2 mg and Naloxone 0.5 mg Sublingual Tablets IP,25CT0314,"Consern Pharna Ltd., Focal Point ,VPO Tibba, Distt. Ludhiana-141120 (Pb.), INDIA",The sample is of not of standard quality for the reason stated under Description
Albendazole Tablets IP 400mg,MT251013,"Mancare Laboratories Pvt.Ltd., Plot No 11 Pharmacity Selaqui Dehradun Uttarakhand",Dissolution
Sodium Bicarbonat Tablets USP 500mg,25087,"Steadfast edishield Pvt. Ltd., At Kh. No- 322 Nanhera Anantpur Bhagwanpur Roorkee Dist- Haridwar UK- 247668",Misbranding
Glipizide Tablets IP,SPA252473,"Skymap Pharmaceuticals Pvt. Ltd., B-3, Dev Bhoomi Industrial Estate, Puhana Iqbalpur Road, Roorkee-247667.",Does not conform to IP Standards with respect to Dissolution Test
Aceclofenac & Paracetamol Tablets,T2601006/A,"Empree Medicament India Pvt. Ltd ,99, C&D, KIADB Indl. Estate, Honaga, Belgaum - 591156",Does not conform to IP Standards with respect to Dissolution Test
Glimepiride Tablets IP 4mg,T2512152,"Rivpra Formulation Pvt. Ltd; Plot No. 8, Sector 6A, I.I.E., Sidcul, Haridwar - 249403 (U.K.)",Does not conform to IP Standards with respect to Dissolution Test
Atorvastatin and Clopidogrel Tablets,PGT25-3110A,"Plena Remedies, Plot No. 17, Industrial Area (Himuda), Bhatkoli, Kalan, Baddi, Distt. Solan (H.P.)- 173205.",Does not conform to required standards with respect to the test Assay
Amoxycillin Oral Suspension IP,AMS2532,"Modern Laboratories., 45-47, Sector D-2, Industrial Area, Sanwer Road, Indore-452015. India.",Content of Amoxycillin.
ZEDCORIL EXPECTORANT,64,"Lexine Technochem Pvt. Ltd., Plot No. 373, Opp. Ramakaka Deri, Chhani, Vadodara-391740. Gujarat",Content of Salbutamol
Deomax-LB (Amoxycillin. Cloxaeillin & Lactic Acid Closacillin & Lacne Acd Bacillus Capsules,JPC-3100,"JMH Pharma. Plot No. Is Handwar Road 82. Handwar Road, Bhagwanpur. Uttarakhand",The sample does not pass the Assay of Anhy drous Amoxycillin & Cloxacillin per capsule is 10.86 mg & 67.73 mg against the claimed 250 mg.
R-Zara DSR Capsules,SC-08656,"Samay Pharma India Pvt. Ltd. Plot No 34-35 Industrial Area. Trilokpur Road, Kala Amb, District Sirmour, Himachal Pradesh 173030",The sample does not pass the following test Assay Rabeprazole Sodium per capsule is 0.0 mg against claim of 20mg and Domperidone per capsule is 0.0mg against claim of 30mg.
Sodium chloride injection IP 0.9% w/v,(N)25567,"klokter Lifesciences private Ltd., Samora indri road , Karnal 132041",Fail in Assay
Iron n& Folic Acid Tablets I?,QT1572,"Quest Laboratories Ltd. Plot No. 45, Sector-III, Pithampur, Dist. Dhar-454775 (M.P)",The sample does not conform to claim as per IP in respect to test for Description
Oral Rehydration salts IP(ORS),CHPLO- 002,"Cureza Healthcare Pvt. Ltd. 63/1, 67/1 Dharampuri Solsindha. Tehsil Sanwar Ujjain Roasd, Indore-453551",The sample does not conform to claim as per IP in respect to test for Description
Aceclofenac Sustained Release and Enteric Coated Rabeprazole Sodium Capsules,C50200B,"Samson Laboratories Pvt. Ltd.,(WHO-GMP Certified Company) 152, Sansiwala, Barotiwala, Distt. Solan (H.P.) - 174103.",The sample received does not conform to manufacturers specification with respect to the test for Assay of rabeprazole sodium content only.
Ondansetron Tablets IP 4 mg,TB251158,"Agron Remedies Pvt. Ltd.,Sarverkhera, Moradabad Road, Kashipur 244713","The sample received does not conform to i.p. 2022, ip addendum 2024 specification with respect to the test for related substances (total impurities) only."
Telmisartan & Hydrochlorothiazide Tablets IP,AMT-2460,"Avalon Medicines Private Limited,Plot No-1271, Phase I, Sector 38, HSIIDC, Rai Sonipat-131029 (HR)",The sample received does not conform to i.p. 2022 specification with respect to the test for Dissolution of hydrochlorothiazide only.
Methylprednisolone Tablets I.P.,NHD24554A,"Nest Healthcare Pvt. Ltd,Plot No. 300 GIDC, Odhav, Ahmedabad-382 415, Gujarat, India",The sample does not conform to IP with respect to the test for Dissolution
Metformin Hydrochloride Prolonged-Released and Glimepiride Tablets IP,60002727,"USV Private Limited,Plot No. 538 to 540, 597 to 618, 619 to 625, GIDC Indl. Area-Savli, Taluka-Savli, Manjusar, Vadodara - 391 775.",The sample does not conform to claim as per Manufacture's Specification with respect to the test for Dissolution of Metformin Hydrochloride.
Amoxycillin & Cloxacillin Capsules,ZABG2611,"Malik Lifesciences Pvt. Ltd,Plot No. 16, Vardhman Indl.Estate, Vill-Bahadarpur Saini, N.H. 58, Haridwar-247 667 (Uttarakhand)",The sample does not conform to Manufacture's Specification with respect to the test for Assay of Amoxycillin Trihydrate eq. to Amoxycillin and Cloxacillin Sodium equivalent to Cloxacillin and Dissolution Cloxacillin Sodium equivalent to Cloxacillin
Sodium chloride injection IP 0.9% w/v,(N)25479,"klokter Lifesciences private Ltd., Samora indri road , Karnal 132041",Fail in Assay
"Glimepiride, Ploglitazonehci & Metformin HCI (SR) Tablets",DPT-016,"Demexico Pharmaceuticals Pvt. Ltd., F-48, Selaqui, Industrial area Dehradun (UK)-243011",The sample has been declared as NSQ as it does not conform to label claim with respect to Assay for Metformin Hydrochloride and Pioglitazone
Ondansetron Orally Disntagrating Tablets IP,SPT252281,"Salus Pharmaceutical, 480/211 Harraipur, PO Gurumajra, Tehsil Baddi Dist. Solan HP-173205",The sample has been declared as NSQ as it does not conform to IP standard with respect to Test for Disintegration
Phenytoi Tablets IP 100mg,T-4710,"Jackson Laboratories Pvt. Ltd., 22-24, Majitha Road, Bye Pass, Amritsar-143001",The sample has been declared as NSQ quality with respect to Description.
ASPIRIN GASTRO- RESISTANT TABLETS I.P. 75 MG,CBT-0254,Crossasia Biotech Pvt. Ltd. Survery No. 488 A.B. Road Girwai industrial Area Beldarpura Gwalior 474002 (M.P),Description test for Salicylic Acid Assay for Aspirin and test for Dissolution
"Calcium citarate malate, Vitamain k2 -7 , Vitamin D3, methylcobalamin Zinc and Magnesium Tablets",25KHT-0857,"Kaalimga Healthcare 1st Floor, kh No. 386/76/2 vill. Juddi kalan baddi, Distt. Solan (H.P)- 173205",test for Disintegration and label claim woth respect to the Identification and Assay for Vitamin D3
Gliclazide Extended release Tablets 60 mg,T511617,ION Healthcare Pvt. Ltd.Baddi- Barotiwala Road Baddi Distt. Solan (H.P) 173205,test for Dissolution for Gliclazide at 4th hour and 12th hour as per Manufacturer's method
"Milk of Magnesia, Liquid Paraffin & Sodium Picosulfate Suspension",UF2834807B,"Ultra Durgs Formulations Pvt. Ltd. Plot no. 338/278,Vill.Manakpur, Lodhimajra,Tehsil -Baddi, Distt. Solan (H.P) 173205",Description only
Acctaminophen Oral suspension I.P. 125 mg,HL76,"Azine Healthcare Pvt.ltd Plot no. 401 , GIDC Kerala, Bavla-382220, Dist. Ahmedabad (Gujrat)",Description and Assay for Paracetamol
Soflgel Capsules Ferrous ascorbate Folic Acid &Zinc Soft Getatin Capsules,CD-251244B,"Capsoft Healthcare Pvt. Ltd. (An ISO & GMP Certified Company )Shed No. 6, Khasra No. 760-761 Klralsa Complex , Village kanuma ,Sai Road Baddi ,Solan- 173205 (H/P)","Description & Disintegration test ""and does not conform to label claim with respect to "" Assay for folic Acid"
Culse The Beauty soap papaya Fruit Mix,CT06,"Goodbuy Beauty Prohtets Door no. 13/515 A , 13/515B, Uppuparai Thottam,Madlukkarai Coimbatore-641105",Test for Matter Insolubic in Alcohol
Calcium and Vitamin D3 Tablets IP 500mg/250 I.U,PJCT-016,"Laborate Pharmaceuticals India Ltd. 31 Rajban Road nariwala, Paonta Sahib (H.P)",Assay for Vitamin D3
Methylcobalamin Alpha Lipoic Acid Pyridoxine HCL Folic Acid &Vitamin D3 Tablets,LC25F031C,"Life care Neuro Products Ltd. 70/1, dharampur, EPIP Phase-II , Baddi-173205 (H.P.)",Disintegration test
Omerprazole Capsules I.P 20 mg.,OPZDC4059,"Laborate Pharmaceutical India Ltd. 111, Yamuna nagar Road Satiwala, Panota Sahib, District Simnaur -173205 (H.P)",Test for Dissolution for Omeprazole both at Acid and Buffer Stage
Oral Rehydration Salts I.P,ODSC-1010,"Nestor Pharmaceuticals Ltd., 11-Western Extension Area, Faridabad-121001, India",Sample does not conform to IP standards. It fails the test Assay as per IP and hence declared as Not of Standard Quality
Nicoz-5 Nicorandil Tablets IP 5 mg,NBT-251045,"A.N.D Healthcare Ltd., Plot No. C-42, Focal Point, Kurali, Mohali-140103",Sample does not conform to IP Standards. If fails the test 'Dissolution' and 'Assay'
Paracetamol Tablets IP 500 mg,PAK-825,"Healer's Lab Unit II, Plot No. 33, H.P.S.I.D.C Extn.Baddi, Distt Solan (HP)",The sample does not conform to the IP standards with respect to the test for Dissolution
Mefenamic Acid & Paracetamol Tablets,T-252174,"Merril Pharma Pvt.Ltd, Plot No. 212, Raipur, Bhagwanpur, Roorkee-247667(UK)",The sample does not conform to Schedule V of the Drugs Rule 1945 with respect to the test disintegration.
Pantoprazole Tablets IP,AGW01AKA,"Pure & Cure Healthcare Pvt. Ltd, Plot No. 26A,27-30, Sector-8A, I.I.E, SIDCUL, Ranipur, Haridwar-249403, Uttarakhand",The sample does not conform to IP standards. It fails the test Dissolution.
Omeprazole Gastro-resistant Capsules IP 20 mg,GC108503,"Bengal Chemicals & Pharmaceuticals Ltd., Kh.No. 105-106, Vill Katha, Baddi-173205(H.P), India",The sample does not conform to IP standards with respect to the test for Dissolution.
Diclofenac Sodium Tablets IP 50 mg,DG 5033,"Kerala State Drugs Pharmaceuticals Ltd., Kalavoor P.O., Alappuzha,Kerala-688522",The sample does not conform to IP standards with respect to the test Dissolution and also shows Category B defect of tablets (Capping).
Paracetamol Paediatric Syrup IP 60 ml,PCS25194,"Vivek Pharmachem(India) Ltd, NH-8, Chimanpura, Amer, Jaipur-302 028","The sample does not conform to IP standards. It fails the test Microbial Examination of Non- Sterile Product as per IP, as specified in the Laboratory protocol."
Telmisartan Tablets IP 40 mg,493TTF004,"Swiss Garnier Life Sciences, No. 21-23, Industrial Area, Mehatpur, Dist. UNA, Himachal Pradesh-174315, India",The sample does not conform to IP standards. If fails the test Dissolution as per IP
Telmisartan Tablets IP 40 mg,493TTF014,"Swiss Garnier Life Sciences, No. 21-23, Industrial Area, Mehatpur, Dist. UNA, Himachal Pradesh-174315, India",The sample does not conform to IP standards. It fails the test Dissolution as per IP
Ferrous Ascorbate & Folic Acid Tablets IP,FAM-677,"Healer's Lab Unit II Plot NO. 33, H.P.S.I.D.C. , Extn. Baddi, Distt. Solan (H.P)",NSQ
Ferrous Ascorbate & Folic Acid Tablets IP,FAM-656,"Healer's Lab Unit II Plot NO. 33, H.P.S.I.D.C. , Extn. Baddi, Distt. Solan (H.P)",NSQ
Ferrous Ascorbate & Folic Acid Tablets IP,FAM-629,"Healer's Lab Unit II Plot NO. 33, H.P.S.I.D.C. , Extn. Baddi, Distt. Solan (H.P)",NSQ
Ferrous Ascorbate & Folic Acid Tablets IP,FAM-649,"Healer's Lab Unit II Plot NO. 33, H.P.S.I.D.C. , Extn. Baddi, Distt. Solan (H.P)",NSQ
Ferrous Ascorbate & Folic Acid Tablets IP,FAM-628,"Healer's Lab Unit II Plot NO. 33, H.P.S.I.D.C. , Extn. Baddi, Distt. Solan (H.P)",NSQ
Cetin Plus Suspension 60ml,GL027412,Asian Pharma Khasra No. 105-106 village Katha Baddi 173205 HP,NSQ
Paracetamol Tablets IP 650 mg,UT-3765,"Yacca Pharmaceutical Pvt. Ltd. 11 th Km, stone, Dehradun Road, Roorkee-247667(U.K.)",Dissolution test
Flexon Suspension,DPK241894,"Aristo Pharmaceuticals Pvt. Ltd. Survey No. 371, Kunwar Falia, Village: Dabhel, Nani Daman-396210 Daman (U.T.)",Suspension does not dispose uniformaly on shaking
Pacimol MF 250 Suspension,INCO14030R,"Ipca Laboratory Ltd. Sejavta, Ratlam 457001 MP",Suspension does not dispose uniformaly on shaking
Pacimol MF 250 Suspension,INCO14035R,"Ipca Laboratory Ltd. Sejavta, Ratlam 457001 MP",Suspension does not dispose uniformaly on shaking
KUFFTUSS-Q Tablets,IGT-0511,IG Pharma Ltd. 12.4 KM Meerut Road Roorkee Dist. Haridwar (U.K.),Mottled appeareance
Amoxyclllin CapsulesIP 250mg,MBC-111,Mayasha Lifesciences H.B. 86 Village Bhatian Nalagarh Dist. Solan HP 174101,The sample fails to comply in respect of contains of the drug which is less than the calim
AZITHROMYCIN ORAL SUSPENSION IP 200 MG/5ML,41410,"ZENITH DRUGS Ltd. 72/5 & 72/3,72/4,74/1/1 75/1/1 Muradpura(Orangpura) Dhar Road,Near Kalaria,Indore 453001(M.P.)India","1. The content of azithromycin in the sample is less(i.e. 65.76% of the labelled amount than the i.p. Limits. 2.Tthe sample is infested with fungus growth. all the observations are done in normal daylight conditions with unaided eyes.4xl5 ml intact brown coloured plastic bottles received for analysis. When opens for analysis, it is observed that in all these 4X15 ML bottles particles are stick around the neck of the bottle. During analysis when the content from these 4x15 ml bottles after shaking transferred individually in clean dry sterilised glass beaker, contains yellow coloured suspension. Yellow coloured suspension which mixes uniformly after shaking."
Pepsin & Fungal Diastase Syrup 200ml,MLS25934,"MANCARE LABORATORIES Pvt LTD. Plot No 11 Pharmacity Selaqui Dehradun,Uttarakhand 248011.",The content of fungal diastase in the sample is less(i.e.17.36% of the labelled amount) than the permissible limits.
ASPIRIN TABLET IP 75MG,240968,MODI ANTIBIOTICS Plot No-28 G.I.D.C. Estate Odhav Ahmedabad 382415,"l]five (5) intact strips often (10) tablets each were received for analysis. When the strips were opened for analysis and observed in normal daylight conditions with unaided eyes it was observed that, each pocket of the strip contains off whte,circular tablets with shiny needle shape crystals all over the surface. The tablets are very brittle in nature. 2. The content of aspirin in the sample is less (i.e.0.32% oof the labelled amount) than the i.p.limits."
ASPIRIN TABLET IP 75MG,250168,MODI ANTIBIOTICS Plot No-28 G.I.D.C. Estate Odhav Ahmedabad 382415,"1. five (5) intact strips of ten (10) tablets each were received for analysis. When the strips were opened for analysis and observed in normal daylight conditions with unaided eyes it was observed that, each pocket of the strip contains off whte,circular tablets with shiny needle shape crystals all over the surface. The tablets are very brittle in nature. 2 The co tent of aspirin in the sample is less (i.e.0.32% oof the labelled amount) than the i.p.limits."
Glimepiride Tablets IP 2mg,CHPLT1027,"Cureza Healthcare Pvt. Ltd., 63/1, 67/1, Dharampuri, -Sol. Sindha, Ujjain Road,-Indore, 453 551",The Sample does not Comply with IP Requirements for the Dissolution Test.
Telmisartan Tablets IP 40 mg,CT25624,"Century Nova Drugs Pvt. Ltd., 85-86, Phase-II, A.K.V.N., Industrial Area, Umaria- Dungaria-482003.",The Sample does not Comply for Description as the Tablets shows uneven Light Brown coloured Spots all over the Surface of the Tablets
Cefixime Dispersible Tablets IP 200mg,25D-BT150,"Orison Pharma International, Vill. Khari, Mauza Ogli, Kala Amb, Distt.-Sirmour, (H.P.)-173030.",The Sample does not Comply for Description as the Tablets shows Light Brown coloured Spots all over the Surface of the Tablets.
FORMALDEHYDE SOLUTION B.P.,F-25,"VINAYAK MANUTRADE (P) LTD., Plot No. 87B, RIICO Industrial Area, Jhotwara, Jaipur (Raj.) 302012.",The sample does not conforms to the BP with respect to Description.
Tapentadol Hydrochloride Tablets,T087J44,"Biomax Biotechnics (P) Ltd., 261, HSIIDC, Industrial Estate, Alipur, Barwala-134118 (Haryana).",The sample does not conforms to the claim with respect to Assay.
Amoxycillin Capsules IP 500mg,BC12250010,"Alencure Biotech Pvt.Ltd. Village: Nagal, Suketi Road, P.O Moginand, Kala Amb, Distt. Sirmour-173030, (HP) India.",Content of Amoxycillin (82.7%)
Clopidogrel & Aspirin Tablets,TSF-C2763,"Spen Formulations Pvt. Ltd., Plot No.123, Industrial Area, Mehatpur, Distt.UNA-174315(HP)",Description
Betamethasone Valerate Ointment IP,RF695,"Curetech Skincare, Plot No.32,33 & 34, Phase-IV, Bhatoli Kalan, Baddi, Distt. Solan (HP)-173205",Content of Betamethasone (73.7%)
Ofloxacin Metronidazole and Simethicone Suspension,OXG2501,"Apple Formulations Pvt. Ltd., Plot No 208, Kishanpur, Roorkee - 247667 (U.K)",Content of Metronidazole (45.68%)
Pantoprazole Gastro-resistant Tablets IP,AT-1952A,"Azot Life Sciences, Vill. Chew. P.O.Kumarhatti, Distt. Solan-173229(H.P)",Content of Pantoprazole (84.7%)
Terbinafine Hydrochloride Tablets IP 250mg,AT25110990A,"Accura Care Pharmaceuticals Pvt.Ltd, Vill.Moginand, Nahan Road, Kala Amb, Distt.Sirmour (H.P), 173030",Dissolution
Clopidogrel & Aspirin Tablets,GT31923C,"J.M.Laboratories, Village-Bhanat, P.O.-Ghatti, Subathu Road, Solan (H.P), 173211.",Free salicylic Acid (12.01%) and Content of Aspirin (77.13%)
Telmisartan Tablets IP 40mg,STS-114,"Marc Lifesciences Sikkim, Khasara No. 35, 36, 409, 410, Vill, Julanglay, Block L, Maneydara Namthang, Distt. Namchi, South Sikkim.",Dissolution
"Clobetasol Propionate, Neomycin, Miconazole Nitrate & Chlorhexidine Cream",DLPS5111,"Leeford Healthcare Ltd., At:Plot No. 77, 78, 79-A, 79-B & 116, Epip, Phase-II, Village-Thana, Tehsil-Baddi, Distt. Solan (HP), India, 173205.",Content of Chlorhexidine (51.5%)
Albendazole Tablets IP 400 mg,SP250907,"Sharun Pharmaceuticals Pvt.Ltd., R.S.No. 195/9 & 197/4, Pangoor, Ariyur Revenue Village, Villianur Puducherry-605 102.",Uniformity of Weight
"Ambroxol Hydrochloride, Terbutaline Sulphate, Guaiphenesin & Menthol Syrup",BGL250945,"Bestcare Formulation Pvt, Ltd., Plot No. B-15 & 16, Pipdic Electronic Park, Thirubhuvanai, Puducherry-605 107",Content of Ambroxol Hydrochloride(75.7%) and Terbutaline Sulphate (85.6%)
Aceclofenac & Paracetamol Tablets,BLPT-053,"Bonn Stering Bio Science LLP. Plot No. 64 & 65 Electronic park, Thirubuvanai, Mannadipet commune, Puducherry-605107",Content of Aceclofenac (81.98%) and Paracetamol (81.62%)
Aceclofenac & Paracetamol Tablets IP,MT250239,"Oxford Pharma, Puhana Chowk, Roorkee, Distt. Haridwar-247667 (U.K)",Content of Aceclofenac (82.94%)
Clopidogrel & Aspirin Tablets IP,P0825176T,"Pharmaroots Healthcare, Khasra No. 411, Village Tipra, P.O, Barotiwala, Tehsil Baddi, Distt. Solan (HP), 174103","Dissolution, Free Salicylic Acid, Content of Clopidogrel (38.20%) and Aspirin (21.8%)"
Cefixime & Lactic Acid Bacillus Tablets,DF-8021,"Velnex Medicare India Pvt. Ltd., - Plot No. 278, HSIDC Saha (133104) HR",Identity test negative for Cefixime
Metronidazole and Povidone Iodine Ointment,XOJM25015,"Helios Pharmaceuticals (Div. of P.K.T.P. Pvt Ltd.,) Village Malpur PO Bhud, Baddi, Tehsil Nalagarh Dist. Solan (HP)-173205.",The sample does not conform to Label claim with respect to the content of Availabe Iodine in Povidone Iodine(79.59%)
Levocetirizine & Montelukast Sodium Dispersible tablets,ABC04ABA,"Pure & Cure Healthcare Pvt. Ltd.,(A Subsidiary of Akums Drugs & Pharmaceuticals Ltd.) Plot No.26A, 27-30, Sector-8A, I.I.E., SIDCUL, Ranipur, Haridwar-249403, Uttarakhand.",The sample does not conform to Label claim with respect to content of Montelukast in Montelukast sodium)
Tolperisone & Paracetamol Tablets,TB26.084,"Verax Life Sciences Pvt. Ltd., K.No. 435, Vil. Surajmajra, Baddi, Distt. Solan (HP)-173205",The sample does not conform to label claim with respect to content of Tolperisone Hydrochloride
Diclofenac Sodium Tablets IP 50mg,SP250935,"Sharun Pharmaceuticals Pvt.Ltd., R.S.No. 195/9 & 197/4, Pangoor, Ariyur Revenue Village, Villianur Puducherry-605 102.",Dissolution
Diclofenac Sodium Tablets IP 50mg,SP250934,"Sharun Pharmaceuticals Pvt.Ltd., R.S.No. 195/9 & 197/4, Pangoor, Ariyur Revenue Village, Villianur Puducherry-605 102 India",Dissolution
"Diclofenac Diethylamine, Virgin Linseed oil, Menthol & Methyl Salicylate Gel",JDB766,"Curetech Slincare, Plot No. 32,33& 34, Phase - IV, Bhatoli Kalan, Baddi, Distt. Solan (H.P.)-173205.","The sample does not conform to label claim with respect to the content of Diclofenac Diethylamine,and Methyl Salicylate"
Atorvastatin Tablets IP 10mg,AV26072,"Eurokem Laboratories Pvt Ltd, C-25, SIDCO Pharmceutical Complex, Alathur, Thiruporur -603110.",Dissolution
Carvedilol Tablets IP 6.25mg,P1225138TA,"Pharma Roots Healthcare, Khasra No, 411, Village Tipra, P.O, Barotiwala, Tehsil Baddi, Distt. Solan (HP), 174103",Dissolution
Betamethasone valerate & Salicylic Acid Ointment,BE533,"Bestcare Formulation Pvt, Ltd., Plot No. B-15 & 16, Pipdic Electronic Park, Thirubhuvanai, Puducherry-605 107",Content (Nil)
Midazolam injection I.P-1mg-5ml,MZ-2606,"Vindas Chemical Industries (P) Ltd. Plot No.65, Sector-1, Indl Area, Pitampur - 454775. Dist. Dhar",pH (4.1) and Assay (87.2%)
"Ambroxol Hydrochloride, Terbutaline Sulphate, Guiaphenesin & Menthol Syrup",FMX-030/26,"Finemax Formulation Private Ltd., No. 1/4, first floor, Thirumuruga complex, Leelavathi nagar, Chikarayapuram, Chennai 600069. India, Tamilnadu.",The sample does not conform to label claim with respect to the content of Ambroxol Hydrochloride and Terbutaline Sulphate.
Pantoprazole Gastro-Resistant Tablets IP,R2516403J,"Reltsen Healthcare Spl Plot No. 9-11, Pipdic electronic park, Thirubhuvanai, Puducherry-605 107 Puducherry. Mrkt: Maclife Labs india Pvt.Ltd, Plot No.19, Baghameeri, Kukatpally, Hyderabd - 500 072.","Sample Does not meets the Specifications wrt, Dissolution (All 6 Tablets dissolved in acid stage) as per IP"
Metronidazole Tablets IP 200 mg,MZ241001,"Cipco Pharmaceuticals 35-36/1, AB Road, Pigdamber Dist. Indore - 453 331 (MP) India, Madhya Pradesh.","The Dissolution test Does Not Complies as per IP Specification, hence it is of Not of Standard Quality."
Rabeprazole Sodium Gastro-Resistant Tablets I.P.,BLT-25798A,"Brit Lifescience V.P.O. Moginand, Nahan Road, Distt. Sirmour (H.P). 173030. Himachal Pradesh.",MISBRANDED In the composition the label should be mentioned as Rabeprazoe sodium IP. But the label is mentioned as Rabeprazole Sodium equivalent to Rabeprazole. Hence it is misbranded drug as per section 17 of Drugs and Cosmetics Act 1940.
Pantoprazole and Domperidone Tablets,AN-06-25,"Anchor Pharma Pvt. Ltd., Plot No. B-6, O.I.D.C Ringanwada, Daman-396210",TEST FOR DISINTEGRATION TIME
Glimepiride Tablets IP 1mg,GTA-2501,"Apple Formulations Pvt. Ltd., Plot No. 208, Kishanpur, Roorkee-247667 (U.K.).",The sample does not conform to standard quality in respect of the test for ?Description? performed.
"Betamethasone, Clindamycin & Nicotinamide Cream",1391,"Lucrose Pharma Pvt. Ltd. Flat No. 197, First Floor Block A, Sector MU-II, Greater Noida-201309",Content of Betamethasone & Clindamycin
Rabeprazole Sodium (EC) & Domperidone (SR) Capsules,CG24-0548M,"Humankind Pharmaceuticals Lunia Mohalla, Dehradun-248001",Content of Rabeprazole Sodium
"Cefixime, Azithromycin and Lactic Acid Bacillus Tablets",TB25115,"Forgo Pharmaceuticals (P) Ltd. Plot No. 92 Industrial Area, Phase-I, Panchkula (Haryana)",Content of anhydrous Azithromycin
"Aceclofenac, Paracetamol & Serratiopeptidase Tablets",TG25-1919B,"Menrik Biomerge Pvt. Ltd. 5, Manak Vihar, Opp. Yojna Vihar, New Delhi-110092",Content of Aceclofenac
Amoxycillin and Potassium Clavulanate Tablets IP (500 mg+125mg,CVTC-815,"Nestor Pharmaceuticals Ltd. 11, Western Extension Area, Faridabad-121001, India.",Content of Clavulanic Acid
Diclofenac Sodium Injection I.P.,ZYCD15018,"Laborate Pharmaceuticals India Ltd. 111, Yamuna Nagar Road, Satiwala Paonta Sahib, Distt. Sirmour-173025 (HP)",Content of Diclofenac Sodium
Dr. Wash Intimate Hygiene,IW-0225,Magic of Herbs Magic of Herbs Haryana-133001,Idetity test Negative for Lactic Acid
Bithoquin Bolus,V260301,"Apple Biotech Healthcare Pvt. Ltd. Vill. Deep Nagar, Tehsil Payal, Ludhiana-141421 (PB) India",Disintegration Test
Diclofenac Sodium Gastro -Resistant Tablets IP,T-25056,"Geson Pharma Pvt. Ltd Industrial Area, Sarojini Nagar, Lucknow",Disintegration Test
Cinnarizine Tablets IP,MV115027,"Geno Pharmaceuticals Pvt. Ltd, Karaswada, Mapusa, Goa 403528 At C/12-13, M.I.D.C. Bhosari Pune",Identification - Doesn't conforms to I.P.
"Aceclofenac 100 mg, Serratiopeptidase 15 mg & Paracetamol 325 mg Tablets",FND0825055AK,"Ipca Laboratories Ltd. Unit-II, 393/ Melli Horethang Road, Gom Block, Bharikhola, South District, Sikkim 737121",Identity test negative for Aceclofenac and Paracetamol
Alprazolam Tablets IP 0.50 mg,AT25417,"Aarpik Pharmaceuticals Pvt. Ltd. C1/306/5, Kerala, G.I.D.C. Kerala Bavla Road, Distt.-Ahmedabad",Identification - Doesn't conforms to I.P.
Amoxycillin & Potassium Clavulanate Tablets IP,826D074,"Medreich Ltd., Survey No. 14 &v 15, Gundarahalli Village, Sulibele Hobli, Hoskote Taluk Bengaluru Rural District-562114",Identification - Doesn't conforms to I.P.
Pantoprazole Gastro-resistant Tablets IP 40 mg,SPK251470,"Aristo Pharmaceuticals Pvt. Ltd. Plot Nos.: 2040-46, N.H. 10 Baghey Khola, P.O. Majhitar, East Sikkim-737136",Identification - Doesn't conforms to I.P.
Metronidazole Tablets IP 200 mg,ME025002,"Danish Healthcare (P) Ltd. 76/27-29, Industrial Estate Maxi Road, Ujjain 456010, India",Uniformity of Weight
Calcium and Vitamin D3 Tablets IP 500mg/250 IU,PJCT-021,"Laborate Pharmaceuticals India Ltd . # 31, Rajban Road, Nariwala, Paonta Sahib (H.P.)",Identification of Vitamin D3 - Doesn't conforms to I.P.
Amoxicillin and Potassium Clavulanate Tablets IP,26440256,"Alkem Health Sciences A Unit of Alkem Laboratories Ltd. Unit-2, Samardung, Kaerk Block, P.O. Namthang, District-Namchi, Sikkim-737137",Identification - Doesn't conforms to I.P.
"Triprolidine Hydrochloride & Codeine Phosphate Syrup, 100 ml",L-221226,"BDC Pharmaceuticals 272, Ind. Area, Phase-II, Kalamb HP-236250",Content of Triprolidine Hydrochloride & Codeine Phosphate
"Aceclofenac, Paracetamol and Serratiopeptidase Tablets",F9AHY065,"Pharma Force Lab 53-55, Ind. Area, Gondpur, Paonta Sahib (HP)-173025",Identity test negative for Aceclofenac and Content of Paracetamol
Ibuprofen Tablets IP 200 mg,INR25036,"Danish Healthcare (P) Ltd. 76/27-29, Industrial Estate Maxi Road, Ujjain 456010, India",Dissolution
Albendazole Tablets IP 400 mg,SAO-210,"Sikkim, Khasra No. 35,36,409,410 Vill. Julanglay, Block-L, Maneydara, Namthang, Distt. Namchi, South Sikkim.",Dissolution
Levofloxacin Tablets IP 500 mg,JC00116,"Lupin Ltd. EPIP, Sidco Industrial Complex Kartholi, Bari Brahmana, Jammu J& K-181133 India",Identification - Doesn't conforms to I.P.
Ondansetron Orally Disintegration Tablets IP,ST-34645,"Samay Pharma India Pvt. Ltd Plot No.- 34-35, Industrial Area, Trilokpur Road, Kala Amb, District Sirmour, Himanchal Pradesh-173030",Disintegration Test
Omeprazole & Domperidone Capsules,AC25/211,"Accuwell Medics Private Ltd. Suvery No.-414, Ashwamegh Ind. Estate, Changodar, Ahmedabad-382213 (Guj) India",Content of Omeprazole & Domperidone
Triamcinolone Acetonide Injection IP (40mg/ml) (1ml),NPK0260,"Nitin Life Sciences Ltd. Rampur Road, Paonta Sahib, Distt. Sirmour-173025 (H.P.) India",Assay
"Itraconazole, Capsules IP",CG25-0392A,"Athens Life Sciences Mauza-Rampur Jatten Nahan Road, Kala Amb, Dist-Sirmour (HP) 173030",Assay
Amoxycillin Dispersible Tablets IP,UOT25-522,"Unisharp Organics Pvt. Ltd. Alamgir, Lalru-140501",Assay
Cefixime Tablets IP,25460922,"Alkem Health Sciences A Unit of Alkem Laboratories Ltd. Unit-3, Samardung, Kaerk Block, P.O. Namthang, District-Namchi, Sikkim-737137",Identification - Doesn't conforms to I.P.
Pantoprazole Gastro-resistant Tablets IP 40 mg,25444650,"Alkem Health Science, A unit of Alkem Laboratories Ltd., Unit-2, Samardung Karek Block, P.O. Namthang, District-Namchi, Sikkim-737137",Identification - Doesn't conforms to I.P.
Amoxycillin & Potassium Clavulanate Tablets IP,MFL0122,"Medicef Pharma, Plot No.-28, 29 & 48, Phase-I, EPIP, Jharmajri, Baddi, Distt. Solan-173205 (H.P.), India",Identification - Doesn't conforms to I.P.
Diclofenac Sodium and Paracetamol Tablets IP,I501103,"Zydus Healthcare Ltd., (Unit II), 967 (P), 968 (P), 970 (P), Duga Circle, Kamarey Bhasmay, Kumek, Sikkim-737132",Description & Dissolution
Diclofenac Gastro-Resistant Tablets IP,250264A,"Bal Pharma Limited ,Plot No. 1,2,3 And 69, Sector-4, IIE, SIDCUL Pantnagar, Rudrapur, Distt. - Udham Singh Nagar, Uttarakhand, INDIA",The sample does not conform to I.P 2022 with respect to test for Related substances
Cefpodoxime Proxetil & Clavulanic Acid Tablets,BT-0564,"Addll Biotech Pvt. Ltd. Vill. Kaundi, P.O. Thana, Tehsil Baddi, Distt. Solan-173205 (H.P.)",Identity test negative for Cefpodoxime Proxetil & Clavulanic Acid
Diclofenac Sodium & Paracetamol Tablets,AHT-2502262,"Aru Health Care Pvt. Ltd. - K-12, Industrial Area, Begrajpur, Muzaffarnagar-251003 (UP)",Disintegration Test
Cefixime & Azithromycin Tablets,MWDC-5421G,"Geenac Pharma, - Plot No.-582, Raipur, Bhagwanpur, Roorkee, Uttarakhand-247667",Identity test negative for Cefixime & Azithromycin
"Cefixime, Ofloxacine & Lactic Acid Bacillus Tablets",ST-25190,"Candimed Life Sciences, - 77/1, Industrial Area, Dehradun, Uttarakhand",Identity test negative for Cefixime & Ofloxacin
"Amoxycillin & Potassium Clavulanate, Lactic Acid Bacillus Tablets",MWDC-5421G,"Sabi Pharmaceuticals Pvt. Ltd - . Shivnath Gogoi Path, 10/150, Bhagarbari, Panjahari, Gowahati-781037, Assam",Identity test negative for Amoxycillin & Clavulanic Acid
"Ferrous Ascorbate, Folic Acid and Cyanocobalamin Suspension",18260226A,"Macleods Pharmaceuticals Ltd. - Khasra No. 21,22,66,67 & 68, Aho- Yangtam, Namchepung, PO: Ranipool, Sikkim - 737135",Identity test negative for Folic Acid & content of Elemental Iron
Glimepiride Tablets IP,5GAC030,"Sanofi India Ltd., - L-121, Verna Industrial Estate, Verna, Goa-403722",Dissolution
Amoxycillin and Potassium Clavulanate Tablets IP,CBZ19ADA,"Malik Lifesciences Pvt. Ltd. - (A Subsidiary of Akumes Drugs & Pharmaceuticals Ltd.) Plot NO. 16, Vardhman Indl. Estate, Vill. Bahadarpur Saini, N.H. 58, Haridwar-247667 (Uttarakhand)",Dissolution of Amoxycillin
Cefpodoxime Proxetil Oral Suspension IP,LBL2501002,"Life Gem Medi Healthcare (India) I.P. - 46 Raipur Sahkari Audhyogic Kshetra, Raipur, Bhagwanpur, Roorkee, Haridwar (U.K.) Pin Code-247661",Assay
"Amoxycillin, Potassium Clavulanate & Lactic Acid Bacillus Tablets",BR-1227,"Velnex Medicare India Pvt. Ltd., - Plot No. 278, HSIDC Saha (133104) HR",Identification - Doesn't conforms to I.P.
Ondansetron Tablets IP 4 mg,TG252335,"Symbiosis Pharmaceuticals Pvt. Ltd. - (Plant-I) Symbiosis House, Suketi Road, Kala Amb-173030 (H.P.)",Assay & Dissolution
"Cefixime, Azithromycin & Lactic Acid Bacillus Tablets",ST-25193,"Candimed Life Sciences, - 77/7, Industrial Area, Dehradun, Uttarakhand-248110",Identity test negative for Cefixime & Azithromycin
Aceclofenac & Paracetamol Tablets IP,T-2504296,"Gopal Lifesciences, - (Unit-II), Hill Top, Ind. Estate, Near Export Zone, Jharmajri, Baddi-173205",Dissolution
Cefpodoxime Proxetil IP 200 mg Tablets,SRTC-2403,"Velnex Medicare India Pvt. Ltd., - Plot No. 278, HSIDC Saha (133104) HR",Identification - Doesn't conforms to I.P.
Cefpodoxime & Ofloxacin Tablets,C9AKX031,"Relax Pharmaceuticals Pvt. Ltd. - (Unit-II) 49-A-B, Gondpur, Industrial Area, Paonta Sahib, Distt. Sirmour (H.P.)-173025",Identity test negative for Cefpodoxime Proxetil & Ofloxacin
Amoxycillin & Potassium Clavulanate Tablets IP,TB250343C,"Polestar Power Industries - (PHARMA DIVISION) Vill. Damuwala, Hajuri Road, Barotiwala, Baddi, Distt. Solan (H.P.)-174103",Identification - Doesn't conforms to I.P.
"Cefixime, Azithromycin & Lactic Acid Bacillus Tablets",PL-26089,"Velnex Medicare India Pvt. Ltd., - Plot No. 278, HSIDC Saha (133104) HR",Identity test negative for Cefixime & Azithromycin
"Dextromethorphan HBr, Phenylephrine HCl & Chlorpheniramine Maleate Syrup).",ABSL25-0183A,"Alexin Biosciences, Barotiwala, Plot No. 151/196, Paonta Sahib, Dist. Sirmour-173025",MISBRANDED DRUGS.
Orlistat Capsules USP 120 mg,TPC25015,"Taj Pharma India Ltd., Plot No. 1019, Sarigar, GIDC Road No. 10, Distt.-Valsad, Gujarat-396155.",01.IDENTIFICATION TEST OF ORLISTAT U.S.P. ? Found to be negative. 02. ASSAY OF ORLISTAT U.S.P.: NIL.
Obelow-60 (Orlistat Capsules USP 60 mg,TPC26003,"Taj Pharma India Ltd., Plot No. 1019, Sarigar, GIDC Road No. 10, Distt.-Valsad, Gujarat-396155.",01. IDENTIFICATION TEST OF ORLISTAT U.S.P. ? Found to be negative. 02. ASSAY OF ORLISTAT U.S.P.: NIL.
Pantoprazole Gastro- Resistant & Domperidone Prologed Release Capsules I.P.,CG26-0049R,"Athens Life Sciences Mauza Rampur Jattan, Nahan Road, Kala-Amb, Distt. Sirmour H.P. ? 173030",01. ASSAY OF PANTOPRAZOLE SODIUM I.P. & DOMPERIDONE I.P. ? Less than prescribed limit.
Amoxycillin & Potassium Clavulanate Tablets I.P.,HPT25002,"Hariom Pharmaceuticals,Plot No. 20, Ext. HPSIDC, Ind Area, Baddi, Distt. Solan (H.P.) 173205",The sample does not conform to claim as per I.P. 2022 with respect to the test for Assay and Dissolution of Amoxycillin and Clavulanic Acid.
Handloom Rolled Bandages,24,"Kota Saree Avam Hath kargha Vastra Utpadak Kray-Vikray Sahakari Samiti Ltd.,Kota (Raj.)",The sample does not conform to claim as per Schedule F-(II) with respect to test for Fluorescence