drug_name,rule_type
"Amidopyrine","BANNED_FDC"
"Fixed dose combinations of vitamins with anti-inflammatory agents and tranquilizers","BANNED_FDC"
"Fixed dose combinations of Atropine in Analgesics and Antipyretics","BANNED_FDC"
"Fixed dose combinations of Strychnine and Caffeine in tonics","BANNED_FDC"
"Fixed dose combinations of Yohimbine and Strychnine with Testosterone and Vitamins","BANNED_FDC"
"Fixed dose combinations of Iron with Strychnine, Arsenic and Yohimbine","BANNED_FDC"
"Fixed dose combinations of Sodium Bromide/chloral hydrate with other drugs","BANNED_FDC"
"Phenacetin","BANNED_FDC"
"Fixed dose combinations of antihistaminic with anti-diarrhoeals","BANNED_FDC"
"Fixed dose combinations of Penicillin with Sulphonamides","BANNED_FDC"
"Fixed dose combinations of Vitamins with Analgesics","BANNED_FDC"
"Fixed dose combinations of any other Tetracycline with Vitamin C","BANNED_FDC"
"Fixed dose combinations of Hydroxyquinoline group of drugs with any other drug except for preparations meant for external use","BANNED_FDC"
"Fixed dose combinations of Corticosteroids with any other drug for internal use except for preparations meant for meter dose inhalers and dry powder inhalers","BANNED_FDC"
"Fixed dose combinations of Chloramphenicol with any other drug for internal use","BANNED_FDC"
"Fixed dose combinations of crude Ergot preparations except those containing Ergotamine, Caffeine, analgesics, antihistamines for the treatment of migraine, headaches","BANNED_FDC"
"Fixed dose combinations of Vitamins with Anti TB drugs except combination of Isoniazid with Pyridoxine Hydrochloride (Vitamin B6)","BANNED_FDC"
"Penicillin skin/eye Ointment","BANNED_FDC"
"Tetracycline Liquid Oral preparations","BANNED_FDC"
"Nialamide","BANNED_FDC"
"Practolol","BANNED_FDC"
"Methaqualone","BANNED_FDC"
"Oxytetracycline Liquid Oral preparations","BANNED_FDC"
"Demeclocycline Liquid Oral preparations","BANNED_FDC"
"Combination of anabolic Steroids with other drugs","BANNED_FDC"
"Methapyrilene, its salts","BANNED_FDC"
"Fixed dose combination of Oestrogen and Progestin (other than oral contraceptive) containing per tablet Estrogen content of more than 50 mcg and content of more than 3 mg Norethisterone Acetate","BANNED_FDC"
"Fixed dose combination of Sedatives/ hypnotics/anxiolytics with analgesics-antipyretics","BANNED_FDC"
"Fixed dose combination of Rifampicin, isoniazid and Pyrazinamide","BANNED_FDC"
"Fixed dose combination of Histamine H-2 receptor antagonists with antacids","BANNED_FDC"
"The patent and proprietary medicines of fixed dose combinations of essential oils with alcohol having percentage higher than 20% proof","BANNED_FDC"
"All Pharmaceutical preparations containing Chloroform exceeding 0.5% w/w or v/v","BANNED_FDC"
"Fixed dose combination of Ethambutol with INH","BANNED_FDC"
"Fixed dose combination containing more than one antihistamine","BANNED_FDC"
"Fixed dose combination of any anthelmintic with cathartic/purgative except for piperazine/Santonim","BANNED_FDC"
"Fixed dose combination of Salbutamol or any other bronchodilator with centrally acting anti-tussive and/or antihistamine","BANNED_FDC"
"Fixed dose combination of laxatives and/or anti-spasmodic drugs in enzyme preparations","BANNED_FDC"
"Fixed dose combination of Metoclopramide with systemically absorbed drugs except aspirin/paracetamol","BANNED_FDC"
"Fixed dose combination of centrally acting, antitussive with antihistamine, having high atropine like activity in expectorants","BANNED_FDC"
"Preparations claiming to combat cough associated with asthma containing centrally acting antitussive and/or an antihistamine","BANNED_FDC"
"Liquid oral tonic preparations containing glycerophosphates and/or other phosphates and / or central nervous system stimulant","BANNED_FDC"
"Fixed dose combination containing Pectin and/or Kaolin with any drug which is systemically absorbed from GI tract","BANNED_FDC"
"Chloral Hydrate as a drug","BANNED_FDC"
"Dovers Powder I.P.","BANNED_FDC"
"Dover's Powder Tablets I.P.","BANNED_FDC"
"Antidiarrhoeal formulations containing Kaolin or Pectin or Attapulgite or Activated Charcoal","BANNED_FDC"
"Antidiarrhoeal formulations containing Phthalyl Sulphathiazole or Sulphaguanidine or Succinyl Sulphathiazole","BANNED_FDC"
"Antidiarrhoeal formulations containing Neomycin or Streptomycin or Dihydrostreptomycin","BANNED_FDC"
"Liquid Oral antidiarrhoeals or any other dosage form for pediatric use containing Diphenoxylate or Loperamide or Atropine or Belladona","BANNED_FDC"
"Liquid Oral antidiarrhoeals or any other dosage form for pediatric use containing halogenated hydroxyquinolines","BANNED_FDC"
"Fixed dose combination of antidiarrhoeals with electrolytes","BANNED_FDC"
"Patent and Proprietary Oral Rehydration Salts","BANNED_FDC"
"Fixed dose combination of Oxyphenbutazone or Phenylbutazone with any other drug","BANNED_FDC"
"Fixed dose combination of Analgin with any other drug","BANNED_FDC"
"Fixed dose combination of dextropropoxyphene with any other drug other than anti-spasmodics and/or NSAIDS","BANNED_FDC"
"Fixed dose combination of a drug prescribed in the Second Schedule to the said Act with an Ayurvedic, Siddha or Unani drug","BANNED_FDC"
"Mepacrine Hydrochloride (Quinacrine and its salts) in any dosage form for use for female sterilization or contraception","BANNED_FDC"
"Fenfluramine","BANNED_FDC"
"Dexfenfluramine","BANNED_FDC"
"Fixed dose combination of Diazepam and Diphenhydramine Hydrochloride","BANNED_FDC"
"Cosmetics Licensed as toothpaste/tooth powder containing tobacco","BANNED_FDC"
"Parenteal Preparations fixed combination of streptomycin with Pencillin","BANNED_FDC"
"Fixed dose combination of Vitamin B1Vitamin B6 and Vitamin B12 for human use","BANNED_FDC"
"Fixed dose combination of haemoglobin in any form (natural or synthetic)","BANNED_FDC"
"Fixed dose combination of Pancreatin or Pancrelipase containing amylase, protease and lipase with any other enzyme","BANNED_FDC"
"Fixed dose combination of Nitrofurantoin and trimethoprim","BANNED_FDC"
"Fixed dose combination of Phenobarbitone with any anti-asthmatic drugs","BANNED_FDC"
"Fixed dose combination of Phenobarbitone with Hyoscin and/or Hyoscyamine","BANNED_FDC"
"Fixed dose combination of Phenobarbitone with Ergotamine and/or Belladona","BANNED_FDC"
"Fixed dose combination of Haloperidol with any anti-cholinergic agent including Propantheline Bromide","BANNED_FDC"
"Fixed dose combination of Nalidixic Acid with any anti-amoebic including Metronidazole","BANNED_FDC"
"Fixed dose combination of Loperamide Hydrochloride with Furazolidone","BANNED_FDC"
"Fixed dose combination of Cyproheptadine with Lysine or Peptone","BANNED_FDC"
"Terfinadine","BANNED_FDC"
"Phenformin","BANNED_FDC"
"Rofecoxib and its formulations","BANNED_FDC"
"Valdecoxib and its formulations","BANNED_FDC"
"Diclofenac and its formulations (for animal use)","BANNED_FDC"
"Astemizole","BANNED_FDC"
"Rimonabant","BANNED_FDC"
"Rosiglitazone","BANNED_FDC"
"Nimesulide formulations for human use in children below 12 years of age","BANNED_FDC"
"Cisapride and its formulations for human use","BANNED_FDC"
"Phenypropanolamine and its formulations for human use","BANNED_FDC"
"Human Placental Extract and its formulations for human use","BANNED_FDC"
"Sibutramine and its formulations for human use","BANNED_FDC"
"R-Sibutramine and its formulations for human use","BANNED_FDC"
"Gatifloxacin formulation for systemic use in human by any route including oral and injectable","BANNED_FDC"
"Tegaserod and its formulations","BANNED_FDC"
"Letrozole for induction of ovulation in anovulatory infertility","BANNED_FDC"
"Serodiagnostic test kits for diagnosis of tuberculosis","BANNED_FDC"
"Dextropropoxyphene and formulations containing Dextropropoxyphene for human use","BANNED_FDC"
"Fixed dose combination of Flupenthixol + Melitracen for human use","BANNED_FDC"
"Analgin and all formulations containing analgin for human use","BANNED_FDC"
"Pioglitazone and all formulations containing Pioglitazone for human use","BANNED_FDC"
"Aceclofenac + Paracetamol + Rabeprazole","BANNED_FDC"
"Nimesulide + Diclofenac","BANNED_FDC"
"Nimesulide + Cetirizine + Caffeine","BANNED_FDC"
"Nimesulide + Tizanidine","BANNED_FDC"
"Paracetamol + cetrizine + caffeine","BANNED_FDC"
"Diclofenac + Tramadol + Chlorzoxazone","BANNED_FDC"
"Dicyclomine + Paracetamol + Domperidone","BANNED_FDC"
"Nimesulide + Paracetamol dispesible tablets","BANNED_FDC"
"Paracetamol + Phenylephrine + Caffeine","BANNED_FDC"
"Diclofenac + Tramadol + Paracetamol","BANNED_FDC"
"Diclofenac + paracetamol + chlorzoxazone + famotidine","BANNED_FDC"
"Naproxen + Paracetamol","BANNED_FDC"
"Nimesulide + serratiopeptidase","BANNED_FDC"
"Paracetamol + Diclofenac + Famotidine","BANNED_FDC"
"Nimesulide + Pitofenone + Fenpiverinium + benzyl alcohol","BANNED_FDC"
"Omeprazole + Paracetamol + Diclofenac","BANNED_FDC"
"Nimesulide + Paracetamol injection","BANNED_FDC"
"Tamsulosin + diclofenac","BANNED_FDC"
"Paracetamol + Phenylephirine + Chlorpheniramine + Dextromethorphan + Caffeine","BANNED_FDC"
"Diclofenac + Zinc Carnosine","BANNED_FDC"
"Diclofenac + paracetamol + chlorpheniramine maleate + magnesium trisillicate","BANNED_FDC"
"Paracetamol + pseudoephedrine + cetrizine","BANNED_FDC"
"Phenylbutazone + Sodium Salicylate","BANNED_FDC"
"Lornoxicam + Paracetamol + Trypsin","BANNED_FDC"
"Paracetamol + Mefenamic Acid + Ranitidine + Dicyclomine","BANNED_FDC"
"Nimesulide + Dicyclomine","BANNED_FDC"
"Heparin + Diclofenac","BANNED_FDC"
"Glucosamine + Methyl SulfonylMethane + Vitamin D3 + Manganese + Boron + Copper + Zinc","BANNED_FDC"
"Paracetamol + Tapentadol","BANNED_FDC"
"Tranexamic Acid + Proanthocyanidin","BANNED_FDC"
"Benzoxonium Chloride + Lidocaine","BANNED_FDC"
"Lornoxicam + Paracetamol + Tramadol","BANNED_FDC"
"Lornoxicam + Paracetamol + Serratiopeptidase","BANNED_FDC"
"Diclofenac + Paracetamol + Magnesium trisilicate","BANNED_FDC"
"Paracetamol + Domperidone + Caffeine","BANNED_FDC"
"Ammonium Chloride + Sodium Citrate + Chlorpheniramine Maleate + Menthol","BANNED_FDC"
"Paracetamol + Prochlorperazine Maleate","BANNED_FDC"
"Serratiopeptidase + Diclofenac Potassium + Doxycycline","BANNED_FDC"
"Nimesulide + Paracetamol suspension","BANNED_FDC"
"Aceclofenac + Paracetamol + Famotidine","BANNED_FDC"
"Aceclofenac + Zinc Carnosine","BANNED_FDC"
"Paracetamol + disodium Hydrogen Citrate + Caffeine","BANNED_FDC"
"Paracetamol + DL Methionine","BANNED_FDC"
"Disodium Hydrogen citrate + Paracetamol","BANNED_FDC"
"Paracetamol + Caffeine + Codeine Phosphate","BANNED_FDC"
"Aceclofenac (SR) + Paracetamol","BANNED_FDC"
"Diclofenac + Paracetamol injection","BANNED_FDC"
"Azithromycin + Cefixime","BANNED_FDC"
"Amoxicillin + Dicloxacillin","BANNED_FDC"
"Amoxicillin + Potassium Clavulanate Diluted","BANNED_FDC"
"Azithromycin + Levofloxacin","BANNED_FDC"
"Cefixime + Linezolid","BANNED_FDC"
"Amoxicillin + Cefixime + Potassium Clavulanic Acid","BANNED_FDC"
"Ofloxacin + Nitazoxanide","BANNED_FDC"
"Cefpodoxime Proxetil + Levofloxacin","BANNED_FDC"
"Azithromycin dihydrate + secnidazole + fluconazole","BANNED_FDC"
"Levofloxacin + Ornidazole + Alpha Tocopherol Acetate","BANNED_FDC"
"Nimorazole + Ofloxacin","BANNED_FDC"
"Azithromycin + ofloxacin","BANNED_FDC"
"Amoxycillin + tinidazole","BANNED_FDC"
"Doxycycline + Serratiopeptidase","BANNED_FDC"
"Cefixime + levofloxacin","BANNED_FDC"
"Ofloxacin + Metronidazole + Zinc Acetate","BANNED_FDC"
"Diphenoxylate + Atropine + Furazolidone","BANNED_FDC"
"Fluconazole + Azithromycin + Ornidazole","BANNED_FDC"
"Ciprofloxacin + Phenazopyridine","BANNED_FDC"
"Amoxycillin + Dicloxacillin + Serratiopeptidase","BANNED_FDC"
"Azithromycin + Cefpodoxime","BANNED_FDC"
"Lignocaine + Clotrimazole + Ofloxacin + Beclomethasone","BANNED_FDC"
"Cefuroxime + Linezolid","BANNED_FDC"
"Ofloxacin + Ornidazole + Zinc bisglycinate","BANNED_FDC"
"Metronidazole + Norfloxacin","BANNED_FDC"
"Amoxicillin + Bromhexine","BANNED_FDC"
"Ciprofloxacin + Fluticasone + Clotrimazole + Neomycin","BANNED_FDC"
"Metronidazole + Tetracycline","BANNED_FDC"
"Cephalexin + Neomycin + Prednisolone","BANNED_FDC"
"Azithromycin + Ambroxol","BANNED_FDC"
"Cilnidipine + metroprolol succinate + metroprolol tartrate","BANNED_FDC"
"L-Arginine + Sildenafil","BANNED_FDC"
"Atorvastatin + vitamin D3 + folic acid + vitamin B12 + pyridoxine","BANNED_FDC"
"Metformin + Atorvastatin","BANNED_FDC"
"Clindamycin + Telmisartan","BANNED_FDC"
"Olmesartan + Hydrochlorothiazide + Chlorthalidone","BANNED_FDC"
"L-5-Methylterahydrofolate calcium + Escitalopram","BANNED_FDC"
"Pholcodine + Promethazine","BANNED_FDC"
"Paracetamol + Promethazine","BANNED_FDC"
"Betahistine + Ginkgo Biloba Extract + Vinpocetine + Piracetam","BANNED_FDC"
"Cetirizine Dihydrochloride + Diethyl Carbamazine","BANNED_FDC"
"Doxylamine + Pyridoxine + Mefenamic Acid + Paracetamol","BANNED_FDC"
"Drotaverine + Clidinium + Chlordiazepoxide","BANNED_FDC"
"Imipramine + Diazepam","BANNED_FDC"
"Flupentixol + Escitalopram","BANNED_FDC"
"Paracetamol + Prochloperazine","BANNED_FDC"
"Gabapentin + Mecobalamin + Pyridoxine + Thiamine","BANNED_FDC"
"Imipramine + Trifluoperazine + Chlordiazepoxide + Trihexyphenidyl","BANNED_FDC"
"Chlorpromazine + Trihexyphenidyl","BANNED_FDC"
"Ursodeoxycholic Acid + Silymarin","BANNED_FDC"
"Metformin + Pioglitazone + Glimepiride","BANNED_FDC"
"Gliclazide + metformin","BANNED_FDC"
"Voglibose + Metformin + Chromium Picolinate","BANNED_FDC"
"Pioglitazone + Metformin","BANNED_FDC"
"Glimepiride + Pioglitazone + Metformin","BANNED_FDC"
"Metformin (sustainded release) + Pioglitazone + Glimepride","BANNED_FDC"
"Chloramphenicol + Clomitrimazole + Beclomethasone + Lignocaine","BANNED_FDC"
"Clotrimazole + Ofloxaxin + Lignocaine + glycerine and propylene glycol","BANNED_FDC"
"Chloramphennicol + Lignocain + Betamethasone + Clotrimazole + Ofloxacin + Antipyrine","BANNED_FDC"
"Ofloxacin + Clotrimazole + Betamethasone + Lignocaine","BANNED_FDC"
"Gentamicin Sulphate + Clotrimazole + Betamethasone + Lignocaine","BANNED_FDC"
"Clotrimazole + Beclomethasone + Ofloxacin + Lignocaine","BANNED_FDC"
"Becloemthasone + Clotrimazole + Chloramphenicol + Gentamycin + Lignocaine","BANNED_FDC"
"Flunarizine + Paracetamole + Domperidone","BANNED_FDC"
"Rabeprazole + Zinc carnosine","BANNED_FDC"
"Magaldrate + famotidine + simethicone","BANNED_FDC"
"Cyproheptadine + thiamine","BANNED_FDC"
"Magaldrate + Ranitidine + Pancreatin + Domperidone","BANNED_FDC"
"Ranitidine + Magaldrate + simethicone","BANNED_FDC"
"Magaldrate + papain + fungul diastase + simethicone","BANNED_FDC"
"Rabeprazole + zinc + domperidone","BANNED_FDC"
"Famotidine + oxytacaine + Magaldrate","BANNED_FDC"
"Ranitidine + Domperidone + Semithicone","BANNED_FDC"
"Alginic Acid + Sodium Bicarbonate + Dried Aluminium Hydroxide + Magnesium Hydroxide","BANNED_FDC"
"Clidinium + Paracetamol + Dicyclomine + Activated Dimethicone","BANNED_FDC"
"Furazolidone + Metronidazole + Loperamide","BANNED_FDC"
"Rabeprazole + Diclofenac + Paracetamol","BANNED_FDC"
"Ranitidine + Magaldrate","BANNED_FDC"
"Norfloxacin + Metronidazole + zinc Acetate","BANNED_FDC"
"Zinc Carnosine + Oxetacaine","BANNED_FDC"
"Oxetacaine + Magaldrate + Famotidine","BANNED_FDC"
"Pantoprazole + Zinc Carnosine","BANNED_FDC"
"Zinc Carnosine + Magnesium Hydroxide + Dried Aluminium Hydroxide + Simethicone","BANNED_FDC"
"Zinc Carnosine + Sucralfate","BANNED_FDC"
"Mebeverine Hydrochloride + Streptococcus Faecalis + Clostridium butyricum + Bacillus mesentricus + Lactic Acid Bacillus","BANNED_FDC"
"Clindamycin + Clotrimazole + Lactic Acid Bacillus","BANNED_FDC"
"Sildenafil + Estradiol Valerate","BANNED_FDC"
"Clomifene Citrate + Ubidecarenone + Zinc + Folic Acid + Methylcobalamin + Lycopene + Pyridoxine + Selenium + Levocarnitine Tartrate + L-Arginine","BANNED_FDC"
"Thyroxine + Pyridoxine + Folic Acid","BANNED_FDC"
"Gentamycin + Dexamethasone + Chloramphenicol + Tobramycin + Ofloxacin","BANNED_FDC"
"Dextromethorphan + Levocetirizine + Phenylephrine + Zinc","BANNED_FDC"
"Nimesulide + Loratadine + Phenylephrine + Ambroxol","BANNED_FDC"
"Bromhexine + Phenylephrine + Chlorepheniramine Maleate","BANNED_FDC"
"Dextromethorphan + bromhexine + Guaiphenesin","BANNED_FDC"
"Paracetamol + Loratadine + Phenylephrine + Dextromethorphan + caffeine","BANNED_FDC"
"Nimesulide + Phenylephrine + Ceffeine + levocetirizine","BANNED_FDC"
"Azithromycin + acebrophyline","BANNED_FDC"
"Diphenhydramine + Terpine + Ammonium Chloride + Sodium Chloride + Menthol","BANNED_FDC"
"Nimesulide + Paracetamol + Cetrizine + Phenylephrine","BANNED_FDC"
"Paracetamol + loratadine + dextromethophan + pseudoepheridine + caffeine","BANNED_FDC"
"Chlorpheniramine maleate + dextromethophan + guaiphenesin + ammonium chloride + menthol","BANNED_FDC"
"Chlorpheniramine Maleate + Ammonium Chloride + Sodium Citrate","BANNED_FDC"
"Cetirizine + Phenylephrine + Paracetamol + Zinc Gluconate","BANNED_FDC"
"Ambroxol + Guaiphenesin + Ammonium Chloride + Phenylephrine + Chlorpheniramine Maleate + Menthol","BANNED_FDC"
"dextromethophen + bromhexine + chlorpheniramine maleate + guaiphenesin","BANNED_FDC"
"Levocetirizine + ambroxol + phenylephrine + guaiphenesin","BANNED_FDC"
"Dextromethorphan + chlorpheniramine + chlorpheniraminemaleate","BANNED_FDC"
"Cetirizine + ambroxol + Guaiphenesin + ammonium chloride + phenylephrine + menthol","BANNED_FDC"
"Chlorpheniramine + phenylephrine + caffiene","BANNED_FDC"
"Dextromethorphan + triprolidine + phenylephrine","BANNED_FDC"
"Terpinhydrate + dextromethorphan + menthol","BANNED_FDC"
"Dextromethorphan + phenylephrine + zinc gluconate + menthol","BANNED_FDC"
"Chlorpheniramine + codeine + sodium citarte + menthol","BANNED_FDC"
"Enrofloxacin + bromhexin","BANNED_FDC"
"Bromhexine + Dextromethorphan + Phenylephrine + Menthol","BANNED_FDC"
"Levofloxacin + Bromhexine","BANNED_FDC"
"Levocetirizine + Ranitidine","BANNED_FDC"
"Levocetirizine + Phenylephrine + Ambroxol + Guaiphenesin + Paracetamol","BANNED_FDC"
"Cetirizine + dextromethorphan + phenylephrine + zinc gluconate + paracetamol+ menthol","BANNED_FDC"
"Paracetamol + pseudoephedrine + dextromethorphan + cetirizine","BANNED_FDC"
"Diphenhydamine + guaiphenesin + ammonium chloride + bromhexine","BANNED_FDC"
"Chlorpheniramine + Dextromethorphan + Phenylephrine + Paracetamol","BANNED_FDC"
"Dextromethorphen + Promethazine","BANNED_FDC"
"Diethylcabamazine + Cetrizine + Guaiphenesin","BANNED_FDC"
"Pseudoephedrine + Dextromethorphan + Cetirizine","BANNED_FDC"
"Chlorpheniramine + Phenylephrine + Dextromethophan + Menthol","BANNED_FDC"
"Ambroxol + Terbutaline + Dextromethorphan","BANNED_FDC"
"Dextromethorphan + Chlorpheniramine + Guaiphenesin","BANNED_FDC"
"Terbutaline + Bromhexine + Guaiphenesin + Dextromethorphan","BANNED_FDC"
"Dextromethorphan + Tripolidine + Phenylephirine","BANNED_FDC"
"Paracetamol + Dextromethorphan + Chlorpheniramine","BANNED_FDC"
"Pholcodine + Phenylephrine + Promethazine","BANNED_FDC"
"Codeine + levocetirizine + menthol","BANNED_FDC"
"Dextromethorphan + ambroxol + guaifenesin + phenylephrine + chlorpheniramine","BANNED_FDC"
"Cetirizine + Phenylephrine + Dextromethorphan + Menthol","BANNED_FDC"
"Roxithromycin + Serratiopeptidase","BANNED_FDC"
"Paracetamol + Phenylephrine + Triprolidine","BANNED_FDC"
"Acetaminophen + Loratadine + ambroxol + Phenylephrine","BANNED_FDC"
"Cetirizine + Acetaminophen + Dextromethorphan + Phenyephrine + Zinc gluconate","BANNED_FDC"
"Diphenhydramine + Guaifenesin + Bromhexine + Ammonium Chloride + Menthol","BANNED_FDC"
"Chlopheniramine Maleate + Codeine syrup","BANNED_FDC"
"Cetirizine + Dextromethorphan + Zinc Gluconate + Menthol","BANNED_FDC"
"Paracetamol + Phenylephrine + Desloratadine + Zinc Gluconate + Ambroxol","BANNED_FDC"
"Levocetirizine + montelukast + acebrophylline","BANNED_FDC"
"Dextromethorphan + phenylephrine + ammonium chloride + menthol","BANNED_FDC"
"Dextromethorphan + bromhexine + Guaiphenesin + menthol + Paracetamol + Caffeine + Phenylephrine","BANNED_FDC"
"Naphazoline + carboxy Methyl cellulose + Menthol + Camphor + Phenylephrine","BANNED_FDC"
"Acrivastine","BANNED_FDC"
"Dextromethorphan + Cetirizine","BANNED_FDC"
"Nimesulide + paracetamol + levocetirizine + phenylephrine + caffeine","BANNED_FDC"
"Terbutaline + Ambroxol + Guaiphenesin + Zinc + Menthol","BANNED_FDC"
"Codeine + Chlorpheniramine + Alcohol syrup","BANNED_FDC"
"Dextromethorphan + Phenylephrine + Guaifenesin + Triprolidine","BANNED_FDC"
"AmmomiumChloride + Bromhexine + Dextromethorphan","BANNED_FDC"
"Diethylcarbamazine + Cetirizine + Ambroxol","BANNED_FDC"
"Ethylmorphine + Noscapine + Chlorpheniramine Maleate","BANNED_FDC"
"Cetirizine + Dextromethorphan + Ambroxol","BANNED_FDC"
"Bromhexine + Dextromethorphan + Ammonium Chloride + Menthol","BANNED_FDC"
"Ambroxol + Guaifenesin + Phenylephrine + Chlorpheniramine","BANNED_FDC"
"Paracetamol + Phenylephrine + Chlorpheniramine + Zinc Gluconate","BANNED_FDC"
"Dextromethorphan + Cetirizine + Phenylephrine + Paracetamol + Caffeine","BANNED_FDC"
"Dextromethophan + Chlorpheniramine + Guaifenesin + Ammonium Chloride","BANNED_FDC"
"Levocetirizine + Dextromethorphan + Zinc","BANNED_FDC"
"Paracetamol + Phenylephrine + Levocetirizine + Caffeine","BANNED_FDC"
"Chlorpheniramine + Ammonium Chloride + Sodium Chloride","BANNED_FDC"
"Paracetamol + Dextromethorphan + Bromhexine + Phenylephrine + Diphenhydramine","BANNED_FDC"
"Salbutamol + Bromhexine + Guaiphenesin + Menthol","BANNED_FDC"
"Chlorpheniramine + Ammonium Chloride + Noscapine + Sodium Citrate","BANNED_FDC"
"Cetirizine + Dextromethorphan + Bromhexine + Guaifenesin","BANNED_FDC"
"Diethyl Carbamazine + Chlorpheniramine + Guaifenesin","BANNED_FDC"
"Ketotifen + Cetirizine","BANNED_FDC"
"Terbutaline + Bromhexine + Etofylline","BANNED_FDC"
"Ketotifen + Theophylline","BANNED_FDC"
"Salbutamol + Theophylline","BANNED_FDC"
"Cetirizine + Nimesulide + Phenylephrine","BANNED_FDC"
"Chloropheniramine + Phenylephrine + Paracetamol + Zinc Gluconate","BANNED_FDC"
"Ambroxol + Acetaminophen + Guaifenesin + Dextromethorphan + Chlorpheniramine","BANNED_FDC"
"Cetirizine + Dextromethorphan + Phenylephrine + Tulsi","BANNED_FDC"
"Cetirizine + Phenylephrine + Paracetamol + Ambroxol + Caffeine + Dextromethorphan","BANNED_FDC"
"Levocetirizine + Paracetamol + Phenylephirine + Caffeine","BANNED_FDC"
"Caffeine + Paracetamol + Phenylephrine + Chlorpheniramine","BANNED_FDC"
"Guaifenesin + Ketotifen + Levocetrizine","BANNED_FDC"
"Paracetamol + Levocetirizine + Phenylephirine + Zinc Gluconate","BANNED_FDC"
"Paracetamol + Phenylephrine + Triprolidine + Caffeine","BANNED_FDC"
"Caffeine + Paracetamol + Phenylephrine + Cetirizine","BANNED_FDC"
"Dextromethorphan + Phenylephirine + Guaifenesin","BANNED_FDC"
"Ambroxol + Levocetirizine + Phenylephrine + Guaiphenesin + Menthol","BANNED_FDC"
"Pseudoephedrine + Cetirizine","BANNED_FDC"
"Dextromethorphan + Chlorpheniramine + Ammonium Chloride + Menthol","BANNED_FDC"
"Paracetamol + Caffeine + Phenylephrine + Chlorpheniramine","BANNED_FDC"
"Salbutamol + Aminophylline + Guaifenesin","BANNED_FDC"
"Salbutamol + Thoephylline + Bromhexine","BANNED_FDC"
"Chlorpheniramine + Guaifenesin + Dextromethorphan + Phenylephrine","BANNED_FDC"
"Caffeine + Paracetamol + Chlorpheniramine","BANNED_FDC"
"Ammonium Chloride + Dextromethophan + Cetirizine + Menthol","BANNED_FDC"
"Dextromethorphan + Paracetamol + Cetirizine + Phenylephrine","BANNED_FDC"
"Chlorpheniramine + Terpin + Antimony Potassium Tartrate + Ammonium chloride + Sodium Citrate + Menthol","BANNED_FDC"
"Terbutaline Sulphate + Etofylline + Ambroxol","BANNED_FDC"
"Paracetamol + Codeine + Chlorpheniramine","BANNED_FDC"
"Paracetamol + Pseudoephedrine + Cetirizine + Caffeine","BANNED_FDC"
"Chlorpheniramine + Ammonium Chloride + Menthol","BANNED_FDC"
"N-Acetyl Cysteine + Ambroxol + Phenylephrine + Levocetirizine","BANNED_FDC"
"Dextromethorphan + Phenylephrine + Tripolidine + Menthol","BANNED_FDC"
"Salbutamol + Cetirizine + Ambroxol","BANNED_FDC"
"Dextromethorphan + Bromhexine + Phenylephrine + Guaifenesin + Chlorpheniramine","BANNED_FDC"
"Nimesulide + Cetirizine + Phenylephrine","BANNED_FDC"
"Naphazoline + Chlorpheniramine + Zinc Sulphate + Boric Acid + Sodium chloride + chlorobutol","BANNED_FDC"
"Paracetamol + Bromhexine + Phenylephrine + Chlorpheniramine + Guaifenesin","BANNED_FDC"
"Salbutamol + Bromhexine","BANNED_FDC"
"Dextromethorphan + Phenylephrine + Guaifenesin + Cetirizine + Acetaminophen","BANNED_FDC"
"Guaifenesin + Bromhexine + Chlorpheniramine + Paracetamol","BANNED_FDC"
"Chlorpheniramine + Ammonium Chloride + Chloroform + Menthol","BANNED_FDC"
"Salbutamol + Choline Theophylinate + Ambroxol","BANNED_FDC"
"Chlorpheniramine + Codeine phosphate + Menthol syrup","BANNED_FDC"
"Pseudoephedrine + Bromhexine","BANNED_FDC"
"Cetirizine + Phenylephrine + Paracetamol + Caffeine + Nimesulide","BANNED_FDC"
"Dextromethorphan + Cetirizine + Guaifenesin + Ammonium Chloride","BANNED_FDC"
"Ambroxol + Salbutamol + Choline Theophyllinate + Menthol","BANNED_FDC"
"Paracetamol + Chlorpheniramine + Ambroxol + Guaifenesin + Phenylephrine","BANNED_FDC"
"Chlorpheniramine + Vasaka + Tolubalsm + Ammonium Chloride + Sodium Citrate + Menthol","BANNED_FDC"
"Bromhexine + Cetrizine + Phenylephrine + Guaifenesin + Menthol","BANNED_FDC"
"Dextromethorphan + Ambroxol + Ammonium Chloride + Chlorpheniramine + Menthol","BANNED_FDC"
"Dextromethorphan + Phenylephrine + Cetirizine + Zinc + Menthol","BANNED_FDC"
"Terbutaline + N-Acetyl L-Cysteine + Guaifenesin","BANNED_FDC"
"Calcium Gluconate + Levocetirizine","BANNED_FDC"
"Paracetamol + Levocetirizine + Pseudoephedrine","BANNED_FDC"
"Salbutamol + Choline Theophylinate + Carbocisteine","BANNED_FDC"
"Chlorpheniramine + Vitamin C","BANNED_FDC"
"Calcium Gluconate + Chlorpheniramine + Vitamin C","BANNED_FDC"
"Chlorpheniramine + Paracetamol + Pseudoephedrine + Caffeine","BANNED_FDC"
"Guaifenesin + Bromhexine + Chlorpheniramine + Phenylephrine + Paracetamol + Serratiopeptidase","BANNED_FDC"
"Paracetamol + Pheniramine","BANNED_FDC"
"Betamethasone + Fusidic Acid + Gentamycin + Tolnaftate + Iodochlorhydroxyquinoline","BANNED_FDC"
"Clobetasol + Ofloxacin + Miconazole + Zinc Sulphate","BANNED_FDC"
"Clobetasole + Gentamicin + Miconazole + Zinc Sulphate","BANNED_FDC"
"Levocetirizine + ambroxol + phenylephrine + paracetamol","BANNED_FDC"
"Permethrin + Cetrimide + Menthol","BANNED_FDC"
"Beclomethasone + neomycin + clotimazole + iodochlorohydroxyquinone","BANNED_FDC"
"Neomycin + Doxycycline","BANNED_FDC"
"Ciprofloxacin + Fluocinolone + Clotrimazole + Neomycin + Chlorocresol","BANNED_FDC"
"Clobetasol + Ofloxacin + Ketoconazole + Zinc Sulphate","BANNED_FDC"
"Betamethasone + Tolnaftate + Gentamicin + Iodochlorhydroxyquinoline","BANNED_FDC"
"Clobetasol + Tolnaftate + Gentamicin + Idochlorhydroxyquinone + Ketoconazole","BANNED_FDC"
"Allantoin + Dimethicone + Urea + Propylene + Glycerin + Liquid paraffin","BANNED_FDC"
"Acriflavine + Thymol + Cetrimide","BANNED_FDC"
"Betamethasone + Tolnaftate + Neomycin + IodoChloro Hydroxy Quinoline + Cholorocresol","BANNED_FDC"
"Clobetasol + Neomycin + Miconazole + Clotrimazole","BANNED_FDC"
"Ketoconazole + Tea Tree oil + Allantion + zinc Oxide + Aloe Vera + Jojoba oil + Lavender oil + Soap noodles","BANNED_FDC"
"Clobetasol + Ofloxacin + Ornidazole + Terbinafine","BANNED_FDC"
"Clobetasol + Neomycin + Miconazole + Zinc Sulphate","BANNED_FDC"
"Beclomethasone + Tolnaftate + Neomycin + Iodochlorhydroxyquinoline + Chlorocresol","BANNED_FDC"
"Betamethasone + Gentamycin + Zinc Sulphate + Clotrimazole + Chlorocresol","BANNED_FDC"
"Borax + Boric acid + Naphazoline + Menthol + Camphor + methyl hydroxy benzoate","BANNED_FDC"
"Bromhexine + Dextromethorphan","BANNED_FDC"
"Dextromethophan + Chlopheniramine + Bromhexine","BANNED_FDC"
"Menthol + Anesthetic Ether","BANNED_FDC"
"Dextrometharphan + Chlopheniramine + Ammonium Chloride + Sodium Citrate + Menthol","BANNED_FDC"
"Ergotamine Tartrate + Belladona dry extract + Caffeine + Paracetamol","BANNED_FDC"
"Phenytoin + Phenobarbitone sodium","BANNED_FDC"
"Gliclazide + Metformin","BANNED_FDC"
"Paracetamol + Phenylephrine + Ambroxol + Chlorpheniramine","BANNED_FDC"
"Oflaxacin + Ornidazole suspension","BANNED_FDC"
"Albuterol + Etofylline + Bromhexine + Menthol","BANNED_FDC"
"Albuterol + Bromhexine + Theophylline","BANNED_FDC"
"Hydroxyethyltheophylline + Salbutamol + Bromhexine + Paracetamol + Phenylephrine + Levocetirizine + Sodium Citrate","BANNED_FDC"
"Paracetamol + Propyphenazone + Caffeine","BANNED_FDC"
"Guaifenesin + Bromhexine + Diphenhydramine + Phenylephrine","BANNED_FDC"
"Dried Alumnium Hydroxide Gel + Propantheline Bromide + Diazepam","BANNED_FDC"
"Bromhexine + Chlorpheniramine + Phenylephrine + Paracetamol","BANNED_FDC"
"Beclomethasone + Clotrimazole + Gentamicin + Iodo-Chlorhydroxyquinoline","BANNED_FDC"
"Telmisartan + Metformin","BANNED_FDC"
"Ammonium Citrate + Vitamin B 12 + Folic Acid + Zinc Sulphate","BANNED_FDC"
"Levothyroxine + pyridoxine + nicotinamide","BANNED_FDC"
"Benfotiamine + metformin","BANNED_FDC"
"Thyroid + Thiamine + Riboflavin + Pyridoxine + Calcium Pantothenate + Tocopheryl Acetate + Nicotinamide + Manadione Sodium Bisulphate + Rutin + Ascorbic Acid + Dibasic Calcium Phosphate + Adrenochrome Mono Semicarbazone","BANNED_FDC"
"Paracetamol + Phenylephrine + Chlorpheniramine + Bromhexine + Caffeine","BANNED_FDC"
"Clotrimazole + Beclomethasone + Lignocaine + Ofloxacin + Acetic Acid + Sodium Methyl Paraben + Propyl Paraben","BANNED_FDC"
"Nimesulide + Levocetrizine","BANNED_FDC"
"Ofloxacin + Ornidazole","BANNED_FDC"
"Gemifloxacin + Ambroxol Injection","BANNED_FDC"
"Glucosamine + Ibuprofen","BANNED_FDC"
"Etodolac + Paracetamol","BANNED_FDC"